hour_start,hour_end,direction,required_departures,target_headway_min
5,6,UP,6,10.0
5,6,DOWN,6,10.0
6,7,UP,8,7.5
6,7,DOWN,8,7.5
7,8,UP,12,5.0
7,8,DOWN,12,5.0
8,9,UP,20,3.0
8,9,DOWN,20,3.0
9,10,UP,20,3.0
9,10,DOWN,20,3.0
10,11,UP,12,5.0
10,11,DOWN,12,5.0
11,12,UP,8,7.5
11,12,DOWN,8,7.5
12,13,UP,6,10.0
12,13,DOWN,6,10.0
13,14,UP,5,12.0
13,14,DOWN,5,12.0
14,15,UP,5,12.0
14,15,DOWN,5,12.0
15,16,UP,6,10.0
15,16,DOWN,6,10.0
16,17,UP,12,5.0
16,17,DOWN,12,5.0
17,18,UP,20,3.0
17,18,DOWN,20,3.0
18,19,UP,20,3.0
18,19,DOWN,20,3.0
19,20,UP,15,5.0
19,20,DOWN,15,5.0
20,21,UP,10,6.0
20,21,DOWN,10,6.0
21,22,UP,8,7.5
21,22,DOWN,8,7.5
22,23,UP,6,10.0
22,23,DOWN,6,10.0
23,24,UP,5,12.0
23,24,DOWN,5,12.0
